Title,Author,Price,Link,ISBN,Description,PublishedDate,ImgUrl,Categories
UNA SUERTE PEQUEÑA,Claudia Piñeiro,15000,https://feriachilenadellibro.cl/producto/9788420403649-una-suerte-pequena/,9788420403649,,2015-05-02,http://books.google.com/books/content?id=bgxargEACAAJ&printsec=frontcover&img=1&zoom=1&source=gbs_api,
SOL DE SANGRE,Jo Nesbo,12000,https://feriachilenadellibro.cl/producto/9789563256420-sol-de-sangre/,9789563256420,,,,
SANGRE EN LA NIEVE,Jo Nesbo,12000,https://feriachilenadellibro.cl/producto/9789563256437-sangre-en-la-nieve/,9789563256437,,,,
REY DE PICAS,Joyce Carol Oates,17000,https://feriachilenadellibro.cl/producto/9789563844290-rey-de-picas/,9789563844290,,,,
NOTICIA DE UN SECUESTRO,Gabriel Garcia Marquez,12000,https://feriachilenadellibro.cl/producto/9789563256390-noticia-de-un-secuestro/,9789563256390,,,,
LA FIESTA DEL CHIVO,Mario Vargas Llosa,22000,https://feriachilenadellibro.cl/producto/9788420434643-la-fiesta-del-chivo/,9788420434643,,2011,,
LA CASA VERDE,Mario Vargas Llosa,19000,https://feriachilenadellibro.cl/producto/9788420476384-la-casa-verde/,9788420476384,,1932,,['Juvenile Nonfiction']
ERAMOS UNOS NIÑOS,Patti Smith,12000,https://feriachilenadellibro.cl/producto/9789566058878-eramos-unos-ninos/,9789566058878,,,,
EL GENERAL EN SU LABERINTO,Gabriel Garcia Marquez,12000,https://feriachilenadellibro.cl/producto/9789563256406-el-general-en-su-laberinto/,9789563256406,,,,
CUENTOS REUNIDOS : CYNTHIA OZICK,Cynthia Ozick,26000,https://feriachilenadellibro.cl/producto/9788426426208-cuentos-reunidos-cynthia-ozick/,9788426426208,,,,['Juvenile Nonfiction']
CUENTOS COMPLETOS I : JULIO CORTAZAR,Julio Cortazar,25000,https://feriachilenadellibro.cl/producto/9788420477725-cuentos-completos-i-julio-cortazar/,9788420477725,,,,['Literary Criticism']
BAHIA DE LOS MISTERIOS,Roberto Ampuero,17000,https://feriachilenadellibro.cl/producto/9789563256444-bahia-de-los-misterios/,9789563256444,,,,
LOBA NEGRA,Juan Gomez-Jurado,23000,https://feriachilenadellibro.cl/producto/9789566205968-loba-negra/,9789566205968,,,,
UNA FAMILIA ANORMAL : Y LA CAPA SUPERPODEROSA,Lyna Vallejos,12000,https://feriachilenadellibro.cl/producto/9789877364262-una-familia-anormal-y-la-capa-superpoderosa/,9789877364262,"""En Tembleque no dejaba de llover y los días eran largos y aburridos. A Lyna y a Meli se les ocurrió disfrazarse con la ropa de la abuela para divertirse, sin imaginar la sorpresa que les esperaba. ¡Una extraña capa se aferró a Lyna y le otorgó superpoderes! Al principio todo era increíble, pero pronto todos correrán peligro y Lyna deberá hacer un esfuerzo sobrehumano para salvar a Tembleque. ¿Será capaz de salvar al pueblo y a sus habitantes? Descubrilo disfrutando de esta nueva aventura con tus personajes favoritos.""--Back cover.",2023,,['Cloaks']
UN MUNDO SIN FIN,Ken Follett,19000,https://feriachilenadellibro.cl/producto/9789588820156-un-mundo-sin-fin/,9789588820156,,,,
TRACE: EXPERTO EN CIENCIAS FORENSES 4,Kei Koga,14900,https://feriachilenadellibro.cl/producto/9788418524769-trace-experto-en-ciencias-forenses-4/,9788418524769,"The Japanese version of CSI that has been adapted into a hit dorama. Ever since her parents were murdered when she was a child, Nonna Sawaguchi vowed to dedicate her life to justice and catching criminals so that no one else would have to suffer as she did. Now, having become a forensic scientist, she collaborates with the police, but life as an investigator is not as easy as it seemed. One day she meets Reiji Mano, the forensic scientist who solved the death of her parents and whom she admires greatly, but Reiji keeps a dark secret and his goals in the police are not at all clear. Thus begins a fast-paced crime thriller in which Nonna and Reiji will fight to uncover the truth and bring justice.",2024-01-30,http://books.google.com/books/content?id=6uI30AEACAAJ&printsec=frontcover&img=1&zoom=1&source=gbs_api,['Comics & Graphic Novels']
¿QUIEN MATO A PALOMINO MOLERO?,Mario Vargas Llosa,12000,https://feriachilenadellibro.cl/producto/9788490625668-quien-mato-a-palomino-molero/,9788490625668,"Mario Vargas Llosa crea en¿Quién mató a Palomino Molero? una intensa novela policial donde el suspense y la tensión recorren toda la historia. En un escenario dominado por la corrupción, y donde los prejuicios y desigualdades conforman la realidad social del país, la verdad acaba convertida en verdades diversas que se c onfunden la una con la otra en un alucinante juego de espejos. A través de una atmósfera que deslumbra y atrapa, este libro refleja fielmente el clima de una época y denuncia los excesos del poder. ENGLISH DESCRIPTION Mario Vargas Llosa creates an intensely woven detective story where tension and suspense travel through history. In a stage dominated by corruption, where prejudice and disparity constitute a country's social reality, truth becomes a confusing array of images in a hallucinatory game of mirrors. Through an ambiance that dazzles and captures the attention, this novel is a faithful reflection of the character of an era and a denunciation of the excesses of power. ""I wrote¿Quien mato a Palomino Molero? in outrage after the murder of a young airman from Talara's military base was red taped by the administration.""",2015-10-20,http://books.google.com/books/content?id=THKREAAAQBAJ&printsec=frontcover&img=1&zoom=1&source=gbs_api,['Fiction']
LOS PILARES DE LA TIERRA,Ken Follett,19000,https://feriachilenadellibro.cl/producto/9789586393003-los-pilares-de-la-tierra/,9789586393003,,2006,,['Cathedrals']
LOS CUADERNOS DE DON RIGOBERTO,Mario Vargas Llosa,12000,https://feriachilenadellibro.cl/producto/9788490625903-los-cuadernos-de-don-rigoberto/,9788490625903,"La obra definitiva de Mario Vargas Llosa sobre el erotismo. Rigoberto, un maduro empleado de una compañía de seguros, combate su banal existencia con una rica imaginación que va plasmando en cuadernos. Todo lo que Rigoberto no se atreve a hacer, no se atreve a vivir por sí mismo, sus audacias y aventuras imaginadas, sus deseos ocultos, van quedando reflejados en estas anotaciones que lo distancian cada vez más de su vulgar existencia. Los cuadernos son como un baúl del que se van extrayendo inesperados relatos, atesorados por el personaje con mayor celo que si fueran reales, y constituyen un refinado compendio de la imaginación erótica. Pero la particularidad de estas fantasías es que parten siempre de pinturas, obras literarias y piezas musicales conformando un verdadero y exquisito índice de la pintura y la literatura eróticas de todos los tiempos. Como contrapunto al florido universo de don Rigoberto está el inquietante y perturbador ambiente que se forja alrededor de su hijo, Fonchito. Obsesionado con la vida y la obra del pintor austríaco Egon Schiele, el muchacho se sueña como la encarnación del pintor maldito y su misterioso mundo de niñas perversas y autorretratos angustiosos. Entre los dos personajes, la madrastra. Una mujer que es para ambos la figura principal de ese doble mundo de deseos y realidades. Una mujer a la medida de sus más exigentes fantasías. En Los cuadernos de don Rigoberto (1997) se despliegan ante el lector las claves que nuestra memoria cultural ha dado, a través del arte, sobre los misterios del placer sensual. ENGLISH DESCRIPTION Don Rigoberto fills pages with notes, comments, and fantasies to protect himself from ordinariness. He also uses them to escape the longing he feels for Lucrecia, his wife, from whom he's separated as a result of something that transpired between her and his son.",2015-10-20,http://books.google.com/books/content?id=MHKREAAAQBAJ&printsec=frontcover&img=1&zoom=1&source=gbs_api,['Fiction']
LAS RECETAS DE UME 1,Ai Nimoda,13900,https://feriachilenadellibro.cl/producto/9788418524424-las-recetas-de-ume-1/,9788418524424,"Learn to cook with Ume as you follow his adventures in adult life... Ume led a very comfortable life: he lived with his sister and didn't have to worry about cooking, cleaning or thinking about day-to-day life. But, overnight, his sister decides to get married and he is left alone. What will become of him? As much as he wants to learn how to cook to eat healthy, he leaves work very late and comes home very tired. How do you maintain a healthy lifestyle under these conditions? That's when he discovers the Tsukuoki lifestyle, which consists of cooking for the whole week during the weekend. That's how Ume dives into a new world full of delicious food and dishes to discover!",2024-02-27,http://books.google.com/books/content?id=Dx8n0AEACAAJ&printsec=frontcover&img=1&zoom=1&source=gbs_api,['Comics & Graphic Novels']
LAS CUATRO ARTES,Denis Criado,24900,https://feriachilenadellibro.cl/producto/9788411212281-las-cuatro-artes/,9788411212281,"«Este es un libro maravilloso, y doy mi más alta recomendación.» — Ken Wilber. Todos deseamos alcanzar la felicidad y la plenitud de la vida, pero según la tradición india del Yoga, la sociedad nos condiciona para que la busquemos fuera de nosotros, generando una vida de ansiedad y malos hábitos. Denis Criado nos recuerda que la felicidad y la plenitud no dependen de personas u objetos externos, sino de la relación sabía que tengamos con nosotros mismos para sentirnos ecuánimes, seguros y conectados con el mundo. En Las Cuatro Artes se ofrecen prácticas yóguicas ancestrales –más allá de la esterilla– para dejar atrás los pensamientos, sentimientos y hábitos que nos hacen sufrir. El autor revela que el despertar de la consciencia puede conducirnos a una vida con mayor propósito y liberarnos de las heridas del pasado. Así entendido, desarrollar un estilo de vida consciente y holístico permite aumentar la vitalidad, mejorar la salud, cultivar relaciones sanas y, de este modo, alcanzar nuestro máximo potencial.",2024-02-27,,['Health & Fitness']
LAS AMAS DE LLAVES,Alex Hay,29900,https://feriachilenadellibro.cl/producto/9788419235084-las-amas-de-llaves/,9788419235084,,,,
LA SANGRE DEL OLIMPO (LOS HEROES DEL OLIMPO 5),Rick Riordan,19000,https://feriachilenadellibro.cl/producto/9788490431276-la-sangre-del-olimpo-los-heroes-del-olimpo-5/,9788490431276,"Un ejército de gigantes. Dos batallas a vida o muerte. Y siete héroes dispuestos a impedir el fin del mundo. Los tripulantes del Argo II han salido victoriosos de sus misiones, pero están lejos de derrotar a Gaia, la Madre Tierra. Ella ha conseguido alzar a todos sus gigantes y planea sacrificar a dos semidioses en la festividad de Spes: necesita su sangre, la sangre del Olimpo, para despertar. Por otro lado, la legión romana del Campamento Júpiter, liderada por Octavio, está cada día más cerca del Campamento Mestizo. La Atenea Partenos deberá dirigirse al oeste para impedir la guerra entre los campamentos, mientras el Argo II navega hacia Antenas... ¿Cómo podrán los jóvenes semidioses derrotar a los gigantes de Gaia? Ya han sacrificado demasiado, pero si Gaia despierta... será el final. ENGLISH DESCRIPTION Though the Greek and Roman crewmembers of the Argo II have made progress in their many quests, they still seem no closer to defeating the earth mother, Gaea. Her giants have risen-all of them-and they're stronger than ever. They must be stopped before the Feast of Spes, when Gaea plans to have two demigods sacrificed in Athens. She needs their blood-the blood of Olympus-in order to wake. The demigods are having more frequent visions of a terrible battle at Camp Half-Blood. The Roman legion from Camp Jupiter, led by Octavian, is almost within striking distance. Though it is tempting to take the Athena Parthenos to Athens to use as a secret weapon, the friends know that the huge statue belongs back on Long Island, where it might be able to stop a war between the two camps. The Athena Parthenos will go west; the Argo II will go east. The gods, still suffering from multiple personality disorder, are useless. How can a handful of young demigods hope to persevere against Gaea's army of powerful giants? As dangerous as it is to head to Athens, they have no other option. They have sacrificed too much already. And if Gaea wakes, it is game over.",2019-04-23,http://books.google.com/books/content?id=BHKREAAAQBAJ&printsec=frontcover&img=1&zoom=1&source=gbs_api,['Juvenile Fiction']
LA ORGIA PERPETUA,Mario Vargas Llosa,12000,https://feriachilenadellibro.cl/producto/9788490626177-la-orgia-perpetua/,9788490626177,"En este brillante ensayo, Mario Vargas Llosa analiza una de las novelas que han marcado su carrera como escritor: Madame Bovary de Gustave Flaubert, considerado el fundador de la novela moderna y uno de los maestros indiscutibles de todos los narradores posteriores. «Hacía años que ninguna novela vampirizaba tan rápi damente mi atención, abolía así el contorno físico y me sumergía tan hondo en su materia.» Mario Vargas Llosa La pesquisa del narrador peruano tantea tres diferentes vías de aproximación al texto flaubertiano: en una primera parte, de tono autobiográfico, Vargas Llosa se retrata a sí mismo como lector enfervorizado y pasional. La segunda parte es un análisis exhaustivo de Madame Bovary, cómo es y lo que significa una obra en la que se combinan con pericia la rebeldía, la violencia, el melodrama y el sexo. En la tercera parte se rastrea la relación de la obra de Flaubert con la historia y el desarrollo del género más representativo de la literatura moderna: la novela. Mario Vargas Llosa resulta tan solvente en su faceta de crítico literario como lo es en su oficio de narrador. Del encuentro de una inteligencia narrativa como la del novelista peruano con la obra más importante de uno de los autores esenciales de la literatura universal nace un ensayo que vale por todo un curso de literatura ENGLISH DESCRIPTION In this brilliant essay, Vargas Llosa examines Madame Bovary, by Gustave Flaubert, who is considered the founder of the modern novel and an indisputable influence on future novelists.",2015-10-20,http://books.google.com/books/content?id=fHKREAAAQBAJ&printsec=frontcover&img=1&zoom=1&source=gbs_api,['Literary Criticism']
LA MAGIA DE SER TU MISMO,Osho,11000,https://feriachilenadellibro.cl/producto/9788490328460-la-magia-de-ser-tu-mismo/,9788490328460,"Las enseñanzas de Osho para seguir en nuestro camino de despertar y encontrarnos a nosotros mismos.Nadie puede decirnos quiénes somos realmente, pero todos buscamos una definición de nosotros mismos que venga de fuera.La magia de ser tú mismo es la respuesta que hallamos cuando empezamos a buscarnos y no encontramos objetividad, sino subjetividad# y este descubrimiento es como una bendición, como un éxtasis, que permite que dejemos de buscar el camino hacia el paraíso «allí fuera».Parte de nuestra experiencia cotidiana está moldeada por la religión y los condicionantes sociales y ni siquiera somos conscientes de ello. Osho nos explica que constantemente estamos siendo pulidos de la única naturaleza con la que cada uno de nosotros ha nacido. Esta única y original naturaleza es reemplazada por nuestro falso yo, el «ego», que toma las riendas y el control de nuestra creatividad, lo que significa para nosotros tener éxito, nuestras relaciones personales y la experiencia personal de quien somos. Al mismo tiempo la colección de «egos» conocida como sociedad da forma a nuestras instituciones políticas, educativas y religiosas, que siguen transmitiendo los mismos patrones a las nuevas generaciones de seres humanos inocentes.La vigilancia, la conciencia y la alerta nos ayudaran en este extraordinario y valiente viaje hacia nosotros mismos. (Fuente: www.todostuslibros.com).",2014-06,,
LA CIVILIZACION DEL ESPECTACULO,Mario Vargas Llosa,11000,https://feriachilenadellibro.cl/producto/9788490625590-la-civilizacion-del-espectaculo/,9788490625590,"En el pasado, la cultura fue una especie de conciencia que impedía dar la espalda a la realidad. Ahora, actúa como mecanismo de distracción y entretenimiento. «La cultura, en el sentido que tradicionalmente se ha dado a este vocablo, está en nuestros días a punto de desaparecer.»,-Mario Vargas Llosa La banalización de las artes y la literatura, el triunfo del periodismo amarillista y la frivolidad de la política son síntomas de un mal mayor que aqueja a la sociedad contemporánea: la idea temeraria de convertir en bien supremo nuestra natural propensión a divertirnos. En el pasado, la cultura fue una especie de conciencia que impedía dar la espalda a la realidad. Ahora, actúa como mecanismo de distracción y entretenimiento. La figura del intelectual, que estructuró todo el siglo XX, hoy ha desaparecido del debate público. Aunque algunos firmen manifiestos o participen en polémicas, lo cierto es que su repercusión en la sociedad es mínima. Conscientes de esta situación, muchos han optado por el discreto silencio. Como buen espíritu incómodo, Vargas Llosa nos entrega una durísima radiografía de nuestro tiempo y nuestra cultura. «Este pequeño ensayo no aspira a abultar el elevado número de interpretaciones sobre la cultura contemporánea, solo a dejar constancia de la metamorfosis que ha experimentado lo que se entendía aún por cultura cuando mi generación entró a la escuela o a la universidad y la abigarrada materia que la ha sustituido, una impostura que parece haberse realizado con facilidad, en la aquiescencia general.»,-Mario Vargas Llosa ENGLISH DESCRIPTION In the past, culture was a type of consciousness that kept people from turning their backs on reality. Now, it acts as a mechanism of distraction and entertainment. “Culture, in the sense that this word has traditionally held, is currently about to disappear.” –Mario Vargas Llosa The trivialization of the arts and literature, the triumph of sensationalist journalism, and political frivolousness are symptoms of a deeper illness afflicting contemporary society: the reckless idea of turning our natural propensity for having fun into the highest goal. The figure of intellectuals, which the entire 20th century gave shape to, has today disappeared from public debate. Although some sign manifestos or participate in controversies, it is undeniable that their impact on society is minimal. Conscious of this situation, many have opted for discreet silence. Like a good restless spirit, Vargas Llosa delivers a harsh x-ray of our time and our culture. “This short essay does not aspire to add to the list of interpretations of modern culture, but to leave proof of the metamorphosis that has afflicted what we considered “culture” when my generation started school or university, and the disjointed substance that has replaced it: a fraud that seems to have been committed easily, in general acquiescence.” –Mario Vargas Llosa",2018-09-25,http://books.google.com/books/content?id=XnKREAAAQBAJ&printsec=frontcover&img=1&zoom=1&source=gbs_api,['Literary Collections']
LA CIUDAD DE LAS BESTIAS,Isabel Allende,12000,https://feriachilenadellibro.cl/producto/9789588611785-la-ciudad-de-las-bestias/,9789588611785,,2005,,
GATURRO GRANDISIMO,Nik,24500,https://feriachilenadellibro.cl/producto/9789876372541-gaturro-grandisimo/,9789876372541,,2013,,['Argentine wit and humor']
ESCUELAS DESPIERTAS,Pilar Aguilera,49900,https://feriachilenadellibro.cl/producto/9788411211925-escuelas-despiertas/,9788411211925,,,,
EL SUEÑO DEL CELTA,Mario Vargas Llosa,14000,https://feriachilenadellibro.cl/producto/9788490626092-el-sueno-del-celta/,9788490626092,"Una novela mayor del PREMIO NOBEL DE LITERATURA 2010. Mario Vargas Llosa se adentra en la peripecia vital de un hombre que fue leyenda. La aventura que narra esta novela empieza en el Congo en 1903 y termina en una cárcel de Londres, una mañana de 1916. Aquí se cuenta la peripecia vital de un hombre de leyenda: el irlandés Roger Casement. Héroe y villano, traidor y libertario, moral e inmoral, su figura múltiple se apaga y renace tras su muerte. Casement fue uno de los primeros europeos en denunciar los horrores del colonialismo. De sus viajes al Congo Belga y a la Amazonía sudamericana quedaron dos informes memorables que conmocionaron a la sociedad de su tiempo. Estos dos viajes y lo que allí vio cambiarían a Casement para siempre, haciéndole emprender otra travesía, en este caso intelectual y cívica, tanto o más devastadora. La que lo llevó a enfrentarse a una Inglaterra a la que admiraba y a militar activamente en la causa del nacionalismo irlandés. También en la intimidad, Roger Casement fue un personaje múltiple: la publicación de fragmentos de unos diarios, de veracidad dudosa, en los últimos días de su vida, airearon unas escabrosas aventuras sexuales que le valieron el desprecio de muchos compatriotas. El sueño del celta (2010) describe una aventura existencial, en la que la oscuridad del alma humana aparece en su estado más puro y, por tanto, más enfangado. La crítica ha dicho: «El sueño del celta reúne algunas de las mejores virtudes del escritor y se integra, además, en la estela de motivos temáticos fundamentales reiterados a lo largo de su obra.» Ricardo Senabre, El Cultural «Vargas Llosa no tiene rival: en El sueño del celta la tarea de lectura y documentación previa es ingente, descomunal y titánica. Pero jamás abruma al lector. He aquí el primer mérito de esta novela: contar una historia como si todo fuera verdad escondiendo la mentira. El segundo mérito estriba en el dominio absoluto y constante del creador sobre su criatura. Ha escrito novelas más complejas técnicamente, pero la estructura de esta queda perfectamente encajada en lo que el novelista se ha propuesto... Con un dominio absoluto de la novela, que empieza en 1903 y acaba en una cárcel de Londres en 1916, demuestra por qué la Academia sueca lo premió con el Nobel.» Ricardo Baixeras, El Periódico «El sueño del celta dibuja, con los recursos de la ficción, los despiadados entresijos del poder y la fuerza de la individualidad... La novela avanza envolvente, a ritmo impecable, y nos sumerge en una crónica sobrecogedora del despotismo, con unos personajes tan enraizados en su doliente y contradictoria humanidad que hacen de esta novela un gran regalo literario.» C. Méndez, Expansión «Una novela que aspira a abarcar todo el inabarcable espacio de la vida de un hombre... Con esa manera de contar de Vargas Llosa que emboba, arrastra, hipnotiza y demuestra una vez más que, en efecto, la muerte lo encontrará escribiendo, pues, pasados los 70 años, escribir un prodigio como El sueño del celta mueve a envidia, admiración ilimitada y aplauso cerrado.» Francisco García Pérez, Información «De nuevo en el mundo ficticio de Vargas Llosa se revela en toda su crudeza la verdad de las mentiras. Innecesarios los elogios.» Juan A. Masoliver Ródenas, La Vanguardia (Cultura/s) ENGLISH DESCRIPTION Four years after publishing Travesuras de la niña mala, Vargas Llosa has completed El sueño del celta, a work based on the provocative life of Irishman Roger Casement, one of the first to document human rights abuses in European-ruled colonies. Casement's shocking revelations exposed a painful truth: Europeans were committing unspeakably barbarous acts in the name of commerce, civilization, and Christianity. What Casement witnessed ultimately led him to confront England and the imperialist policies enforced in his native Ireland. He became a militant for the Irish Nationalist cause and during World War I conspired with the German government to purchase weapons for a revolt set to take place during the Easter holiday. But the weapons never made it to Irish shores, and the British brutally suppressed the Easter Rising. All Irish rebel leaders, including Casement, were executed. Many pleaded clemency for Casement including Arthur Conan Doyle, W.B. Yeats, and George B. Shaw.",2015-10-20,http://books.google.com/books/content?id=bHKREAAAQBAJ&printsec=frontcover&img=1&zoom=1&source=gbs_api,['Fiction']
EL PROBLEMA DE LOS TRES CUERPOS,Liu Cixin,19000,https://feriachilenadellibro.cl/producto/9789569998256-el-problema-de-los-tres-cuerpos/,9789569998256,,,,
EL CORONEL NO TIENE QUIEN LE ESCRIBA,Gabriel Garcia Marquez,10000,https://feriachilenadellibro.cl/producto/9789588886121-el-coronel-no-tiene-quien-le-escriba/,9789588886121,"El coronel no tiene quien le escriba fue escrita por Gabriel García Márquez durante su estancia en París, adonde había llegado como corresponsal de prensa y con la secreta intención de estudiar cine, a mediados de los años cincuenta. El cierre del periódico para el que trabajaba le sumió en la pobreza, mientras redactaba en tres versiones distintas esta excepcional novela, que fue rechazada por varios editores antes de su publicación. Tras el barroquismo faulkneriano de La hojarasca, esta segunda novela supone un paso hacia la ascesis, hacia la economía expresiva, y el estilo del escritor se hace más puro y transparente. Se trata también de una historia de injusticia y violencia: un viejo coronel retirado va al puerto todos los viernes a esperar la llegada de la carta oficial que responda a la justa reclamación de sus derechos por los servicios prestados a la patria. Pero la patria permanece muda.",2022,,['Colombia']
EL ARTE DE ENGAÑAR AL KARMA,Elisabet Benavent,21000,https://feriachilenadellibro.cl/producto/9788491291930-el-arte-de-enganar-al-karma/,9788491291930,"Más de 100 mil ejemplares vendidos. Una aspirante a actriz cansada de hacer castings... Un artista reconocido en plena crisis creativa... Unos valiosos cuadros encontrados en un desván... Y el arte del engaño para cambiar las leyes del karma. Después de vender más de 3.000.000 de ejemplares de sus novelas, Elísabet Benavent vuelve con El arte de engañar al karma, una novela donde despliega su virtuosismo narrativo, la magia para crear historias, con un estilo lleno de risas y lágrimas, en una novela sorprendente, llena de belleza y arte en la que las mujeres dejan de ser musas para ser creadoras. Y volar alto. Por encima de cualquier expectativa. ENGLISH DESCRIPTION An aspiring actress, tired of auditioning... A renowned artist going through a creative crisis... Some valuable paintings found in an attic... And the art of deception, in order to change the laws of karma. After selling more than three million copies of her novels, Elísabet Benavent returns with The art of cheating karma, a novel where she displays yet again her narrative virtuosity, the magic of storytelling, and a literary style overflowing with laughter and tears. It is an amazing novel, full of beauty and art, where women are no longer muses, but creators. They fly high. Far beyond any expectation.",2021-07-20,http://books.google.com/books/content?id=zHSREAAAQBAJ&printsec=frontcover&img=1&zoom=1&source=gbs_api,['Fiction']
DOCE VIAJES,Ana Sesma Nuez,27900,https://feriachilenadellibro.cl/producto/9788411211994-doce-viajes/,9788411211994,,,,
CORAZON DE ACERO,T. Kingfisher,29900,https://feriachilenadellibro.cl/producto/9788418431074-corazon-de-acero/,9788418431074,,2000,,
COLORLESS 2,Kent,21900,https://feriachilenadellibro.cl/producto/9788418524486-colorless-2/,9788418524486,"Japan's most popular sci-fi dystopia... A cosmic disaster stripped color from the Earth, leaving behind a mutated humanity that lives in a world of moody black and grey. Most of the technology and history of the old world is forgotten, but there is tantalizing promise in the dangerous new field of chromadynamics. A rogue scientist named Avidia is on the hunt for the world's last remaining scraps of color, but he's not the only one. A mysterious cult has found a way to turn pigment into fearsome power, and they'll kill anyone who challenges their authority. Armed with his wits and peerless gun, it'll take everything Adivia has to stay one step ahead!",2024-02-27,http://books.google.com/books/content?id=WQAo0AEACAAJ&printsec=frontcover&img=1&zoom=1&source=gbs_api,['Comics & Graphic Novels']
BRUTAL : CONFESIONES DE UN DETECTIVE DE HOMICIDIOS 1,Ryo Kei / Izawa Koga,13900,https://feriachilenadellibro.cl/producto/9788418524608-brutal-confesiones-de-un-detective-de-homicidios-1/,9788418524608,"Homicide detective Dan Hiroki, son of the former Superintendent General of Police, seems to be on the fast track to career success. But...he also maintains a secret identity as a serial killer responsible for the murders of more than a hundred people whom he had deemed beyond the reach of the Law.",2023-01-24,http://books.google.com/books/content?id=9UBgzwEACAAJ&printsec=frontcover&img=1&zoom=1&source=gbs_api,['Comics & Graphic Novels']
BLUEY : JUEGOS Y DIVERSION,Vv. Aa.,10000,https://feriachilenadellibro.cl/producto/9789877364170-bluey-juegos-y-diversion/,9789877364170,,,,
AMOR RADICAL,Satish Kumar,39900,https://feriachilenadellibro.cl/producto/9788411211789-amor-radical/,9788411211789,"Para encontrar paz en nuestra vida debemos cultivar el amor. Sigamos los pasos del activista medioambiental Satish Kumar para descubrir có mo amarnos a nosotros mismos, a los demá s y a todos los seres del planeta Tierra, incluso a los que parecen aborrecibles. Amor radical resume y destila una vida completa de trabajo por la paz, ofreciendo enseñ anzas sencillas sobre có mo transformar este tiempo de crisis ecoló gica, conflictos y escasez en una nueva era en la que experimentar armoní a con la Naturaleza, seguridad, abundancia y amor.",2024-12-03,http://books.google.com/books/content?id=Mcpw0AEACAAJ&printsec=frontcover&img=1&zoom=1&source=gbs_api,['Nature']
UN TAL LUCAS,Julio Cortázar,15000,https://feriachilenadellibro.cl/producto/9789505112265-un-tal-lucas/,9789505112265,"""Este no es un libro de cuentos, ni es una novela. Es un libro de Julio Cortazar. Un literario espiritual de lo cotidiano, una carta de navegacion llena de guinos y senas dirigidas al lector, como una invitacion a participar en el juego. Un juego que puede empezar por donde quiera.""",2024-07-23,http://books.google.com/books/content?id=LZMsAQAAMAAJ&printsec=frontcover&img=1&zoom=1&source=gbs_api,['Fiction']
LOS REYES,Julio Cortázar,14000,https://feriachilenadellibro.cl/producto/9789505112302-los-reyes/,9789505112302,"2024: AÑO CORTÁZAR Una obra de estilo clásico y rara belleza, que propone una curiosa variante del mito del minotauro en forma de poema dramático. «¡Cede lugar a mi secreto amor! ¡Ven, hermano, ven, amante al fin! ¡Surge de la profundidad que nunca osé salvar, asoma desde la hondura que mi amor ha derribado! ¡Brota asido al hilo que te lleva el insensato!». Los reyes (1949), primer libro publicado por Cortázar con su nombre verdadero, es un poema dramático que propone una curiosa variante del mito del Minotauro: Ariadna no está enamorada de Teseo sino del monstruo que habita en el centro del laberinto. Gran conocedor de la estructura cerrada y fatal de los mitos griegos, Cortázar se las ingenia para que la historia tenga, de todas formas, el desenlace conocido: a pesar de las intenciones de su amada, el monstruo elige morir a manos de Teseo. Esta obra de estilo clásico y rara belleza, que ocupa un lugar de excepción dentro de la riquísima obra literaria de Cortázar, tiene el mérito enorme de respetar y, al mismo tiempo, transgredir la tradición. La crítica ha dicho… «Cortázar nos ha dejado una obra tal vez inconclusa pero tan bella e indestructible como su recuerdo». Gabriel García Márquez «Ningún otro escritor dio al juego la dignidad literaria que Cortázar, ni hizo del juego un instrumento de creación y exploración artística tan dúctil y provechoso. La obra de Cortázar abrió puertas inéditas». Mario Vargas Llosa «Cortázar es casi un Bolívar de la literatura latinoamericana. Es un hombre que nos ha liberado, que nos ha dicho que se puede hacer todo». Carlos Fuentes «Prosa hecha de aire, sin peso ni cuerpo pero que sopla un ímpetu y levanta en nuestras mentes bandadas de imágenes y visiones, vaso comunicante entre los ritmos callejeros de la ciudad y el soliloquio del poeta». Octavio Paz «Cortázar es el mejor». Roberto Bolaño «Cortázar es uno de los mejores escritores argentinos». Adolfo Bioy Casares «No puede desconocerse la influencia de sus textos en buena parte de la narrativa que después de él se escribió en español». José Donoso",1996,http://books.google.com/books/content?id=35IsAQAAMAAJ&printsec=frontcover&img=1&zoom=1&source=gbs_api,['Fiction']
UNA NUEVA OPORTUNIDAD,Jen Deluca,21900,https://feriachilenadellibro.cl/producto/9788419131218-una-nueva-oportunidad/,9788419131218,"Stacey is jolted when her friends Simon and Emily get engaged. She knew she was putting her life on hold when she stayed in Willow Creek to care for her sick mother, but it's been years now, and even though Stacey loves spending her summers pouring drinks and flirting with patrons at the local Renaissance Fair, she wants more out of life. Stacey vows to have her life figured out by the time her friends get hitched next summer. Maybe she'll even find The One. When Stacey imagined ""The One,"" it never occurred to her that her summertime Fair fling, Dex MacLean, might fit the bill. While Dex is easy on the eyes onstage with his band The Dueling Kilts, Stacey has never felt an emotional connection with him. So when she receives a tender email from the typically monosyllabic hunk, she's not sure what to make of it. Stacey comes face-to-face with the man with whom she's exchanged hundreds of online messages over the past nine months. To Stacey's shock, it isn't Dex--she's been falling in love with a man she barely knows.",2023-10-31,http://books.google.com/books/content?id=3O0H0AEACAAJ&printsec=frontcover&img=1&zoom=1&source=gbs_api,['Fiction']
LAS MENTIRAS QUE NOS UNEN,Kwame Appiah,18000,https://feriachilenadellibro.cl/producto/9789566275077-las-mentiras-que-nos-unen/,9789566275077,,,,
LA LENGUA DE LOS DIOSES,Andrea Marcolongo,16000,https://feriachilenadellibro.cl/producto/9789566275084-la-lengua-de-los-dioses/,9789566275084,,,,
UNA CITA EN EL INFIERNO,Gwenda Bond,22900,https://feriachilenadellibro.cl/producto/9788419131317-una-cita-en-el-infierno/,9788419131317,"After saving the world and stopping the apocalypse, Callie and Luke are looking forward to a quiet, romantic weekend together. When you're human and dating the Prince of Hell, quiet moments are hard to come by. But their romantic weekend in Hell takes a turn when Lucifer tasks Callie and Luke with chasing a wayward soul around the world. If they can prove it's possible to redeem a soul, Lucifer will allow the two of them to make some changes in Hell. But this wayward soul, Sean, doesn't have any interest in being redeemed. Instead, now that he's back on Earth, he's decided to take a leaf out of Callie and Luke's book and wants to find the Holy Grail. Now Callie, Luke, and their friends--and enemies--must race Sean around the globe on a Grail quest and bring peace between Heaven and Hell before they can finally (maybe) get around to that date.",2023-12-26,http://books.google.com/books/content?id=9-MW0AEACAAJ&printsec=frontcover&img=1&zoom=1&source=gbs_api,
HOMENAJE A CATALUÑA,George Orwell,32000,https://feriachilenadellibro.cl/producto/9788499920061-homenaje-a-cataluna/,9788499920061,"In 1936, George Orwell went to Spain to report on the civil war and instead joined the P.O.U.M. militia to fight against the Fascists. In this account of his experience, he describes both the bleak and the comic aspects of trench warfare on the Aragon front, the Barcelona uprising in May 1937, his nearly fatal wounding just two weeks later, and his escape from Barcelona into France after the P.O.U.M. was suppressed. As important as the story of the war itself is Orwell's analysis of why the Communist Party sabotaged the workers' revolution and branded the P.O.U.M. as Trotskyist, which provides an essential key to understanding the outcome of the war and an ironic sidelight on international Communism. It was during this period in Spain that Orwell learned for himself the nature of totalitarianism in practice, an education that laid the groundwork for his books Animal farm and 1984.",2011-06-03,http://books.google.com/books/content?id=jNu5tAEACAAJ&printsec=frontcover&img=1&zoom=1&source=gbs_api,"['Authors, English']"
UN FLECHAZO A LA LUNA,Emily X.R. Pan,23900,https://feriachilenadellibro.cl/producto/9788417854911-un-flechazo-a-la-luna/,9788417854911,"Hunter Yee has perfect aim with a bow and arrow, but all else in his life veers wrong. He's sick of being haunted by his family's past mistakes. The only things keeping him from running away are his little brother, a supernatural wind, and the bewitching girl at his new high school. Luna Chang dreads the future. Graduation looms ahead, and her parents' expectations are stifling. When she begins to break the rules, she finds her life upended by the strange new boy in her class, the arrival of unearthly fireflies, and an ominous crack spreading across the town of Fairbridge. As Hunter and Luna navigate their families' enmity and secrets, everything around them begins to fall apart. All they can depend on is their love... but time is running out, and fate will have its way.",2024-04-23,http://books.google.com/books/content?id=jK1c0AEACAAJ&printsec=frontcover&img=1&zoom=1&source=gbs_api,['Young Adult Fiction']
ALGUIEN QUE ANDA POR AHI,Julio Cortazar,20000,https://feriachilenadellibro.cl/producto/9789505112203-alguien-que-anda-por-ahi/,9789505112203,"""Reune once cuentos en los que el autor vuelve a superarse a si mismo. Se abre con la inquietante melancolia de """"Cambio de luces"""" y culmina con la violencia policial de """"La noche de mantequilla"""". Se crean climas y situaciones irrepetibles y sorprende con proezas estilisticas como """"Usted se tendio a tu lado""""""",1996,http://books.google.com/books/content?id=oABJAAAAYAAJ&printsec=frontcover&img=1&zoom=1&source=gbs_api,['Short stories']
TODAS LAS CRIATURAS OSCURAS,Paula Gallego,25900,https://feriachilenadellibro.cl/producto/9788419252449-todas-las-criaturas-oscuras/,9788419252449,,2023-11,,
SIGUEME SIEMPRE,Helen Hardt,25900,https://feriachilenadellibro.cl/producto/9788419131119-sigueme-siempre/,9788419131119,"Billionaire Braden Black has a strict limit in the bedroom. He doesn't talk about it, nor does he get involved. But when his lover, Skye Manning, begs him, he has to face facts: while he can buy her anything, he's unable to give her what he asks for. Although he is hopelessly in love with her, he is beginning to think that her relationship cannot continue. Skye Manning has been tempted and taken captive by her own needs. When Braden asks why she wants something so dark, and she realizes that she can't answer, Skye knows that she will have to find the answers for herself. She's willing, but she wants something in return: Braden's complete honesty about his past. Because Skye is convinced that her own needs, the limits he sets... everything is tied to this one secret.",2024-01-02,http://books.google.com/books/content?id=6BUn0AEACAAJ&printsec=frontcover&img=1&zoom=1&source=gbs_api,['Fiction']
SANGRE DE DIOSES,Belen Martinez,25900,https://feriachilenadellibro.cl/producto/9788419252456-sangre-de-dioses/,9788419252456,"Decide who you will live for. Who will you fight for? And who will you die for? Anna is nothing more than a simple maid and she has a very clear rule: she must not go near the fire. Bastien Doyle is the young aristocrat who almost died in a fire and whose face was forever marked. Lya Altair is a noble; a dreamy girl who all she does is wait for her prince charming. The lives of Anna, Bastien and Lya are united by a fragile bond that is about to be severed. It will no longer matter who they were, but who they are and who they will become. In Valerya's kingdom there are no princes or a happily ever after. Here, a single wrong step can end your life forever. In Valerya, the blood of the gods runs through the veins of its people.",2024-01-02,http://books.google.com/books/content?id=2Mdf0AEACAAJ&printsec=frontcover&img=1&zoom=1&source=gbs_api,['Young Adult Fiction']
NO HAY MANERA,Anna Casanovas,23900,https://feriachilenadellibro.cl/producto/9788417421823-no-hay-manera/,9788417421823,"What do you do when a guy shows up in line to enroll in college, makes you question the biggest decision of your life, and then disappears without a trace? This is what happens to Martina the day she meets Leo, with whom she shares an afternoon of confessions and a magical connection that she had never felt before. Leo, who vanishes as if they had never met and reappears years later to turn her world upside down again. Searching for her, Leo breaks her heart and seems destined to disrupt her life when she least expects it. When she has the opportunity to talk to him face to face to demand explanations, Martina does not hesitate: isolated in a cabin in the middle of the mountains, she knows that Leo will not be able to run away from her and avoid giving her the answers she deserves.",2023-02-14,http://books.google.com/books/content?id=iu19zwEACAAJ&printsec=frontcover&img=1&zoom=1&source=gbs_api,['Fiction']
LA ESENCIA DE NUESTRAS ALMAS: UN RETELLING DE CUMBRES BORRASCOSAS,Tasha Suri,14900,https://feriachilenadellibro.cl/producto/9788419130129-la-esencia-de-nuestras-almas-un-retelling-de-cumbres-borrascosas/,9788419130129,"Yorkshire, northern England, 1786. Heathcliff, the abandoned son of an Indian navigator, has been considered an outsider for most of his young life. Now he is doomed to an existence that seems strange to him on the Yorkshire moors, where he clings to his father's native language, even though it causes the children of the house to call him ""animal"" and the maids to claim that his expressions are gibberish. Catherine is the youngest daughter of the owner of the estate; She is a young woman with light skin and brown curls whose mother no one talks about. Her father is preparing her to position herself in society, and that's all that matters. Catherine knows that she must become a beautiful, good and marriageable young woman, even if it may destroy her spirit. Occasionally taking refuge in the moors to escape judgment and share the half-remembered language of their unknown relatives, Catherine and Heathcliff find solace in each other. Deep down in their souls, they feel that they are equal. But when Catherine's father dies and the family's treatment of Heathcliff becomes more cruel, their relationship strains and threatens to fall apart. Because how could they ever be together if loving each other--and loving themselves--is like throwing themselves into a life of poverty and death?",2024-03-26,http://books.google.com/books/content?id=Aade0AEACAAJ&printsec=frontcover&img=1&zoom=1&source=gbs_api,['Young Adult Fiction']
LA CASA MARIONNE,J. Elle,25900,https://feriachilenadellibro.cl/producto/9788419252388-la-casa-marionne/,9788419252388,,,,
HUMO BLANCO,Tiffany D. Jackson,23900,https://feriachilenadellibro.cl/producto/9788419252005-humo-blanco/,9788419252005,"Marigold is running from ghosts. The phantoms of her old life keep haunting her, but a move with her newly blended family from their small California beach town to the embattled Midwestern city of Cedarville might be the fresh start she needs. Her mom has accepted a new job with the Sterling Foundation that comes with a free house, one that Mari now has to share with her bratty ten-year-old stepsister, Piper. The renovated picture-perfect home on Maple Street, sitting between dilapidated houses, surrounded by wary neighbors has its... secrets. That's only half the problem: household items vanish, doors open on their own, lights turn off, shadows walk past rooms, voices can be heard in the walls, and there's a foul smell seeping through the vents only Mari seems to notice. Worse: Piper keeps talking about a friend who wants Mari gone. But ""running from ghosts"" is just a metaphor, right? As the house closes in, Mari learns that the danger isn't limited to Maple Street. Cedarville has its secrets, and secrets always find their way through the cracks.",2024-04-23,http://books.google.com/books/content?id=rNtd0AEACAAJ&printsec=frontcover&img=1&zoom=1&source=gbs_api,['Young Adult Fiction']
FRATERNITY: EL CIRCULO VICIOSO,Andy Mientus,25900,https://feriachilenadellibro.cl/producto/9788419252470-fraternity-el-circulo-vicioso/,9788419252470,,,,
ESPERAME,Santa Montefiore,26900,https://feriachilenadellibro.cl/producto/9788419131294-esperame/,9788419131294,"Cornwall, 1944. When Rupert Dash is declared missing, presumed dead during the Battle of Arnhem, his wife, Florence, is devastated. She can't accept that he has gone from her life forever, and so when she finds a poem called 'Wait for Me' hidden in an old book, she believes it's a sign from her husband. A promise that he will return to her... London, 1988. Since childhood Max has suffered from a recurring nightmare. Surrounded by the horrific chaos of war, he has an urgent mission he knows he must complete. But time after time, the dream ends with him awaking in terror, his heart pounding from the horror of the battlefield. Desperate to understand why he is haunted by such terrible visions, Max embarks on a journey that leads him to Cornwall and a man named Rupert Dash... Melbourne, 1995. Florence receives a letter from someone she has never met, who lives on the other side of the world. This stranger says he remembers a life that belonged to another before him. Could this be the one person Florence has waited fifty-one years to meet again?",2024-02-13,http://books.google.com/books/content?id=o2470AEACAAJ&printsec=frontcover&img=1&zoom=1&source=gbs_api,['Fiction']
ESA PIEZA QUE NO ENCAJA,Santi Balmes,26900,https://feriachilenadellibro.cl/producto/9788418216688-esa-pieza-que-no-encaja/,9788418216688,"A conversation about creativity and talent with the leader of Love of Lesbian. Thousands of people have sung Love of Lesbian songs in Spain and Latin America, but how did those songs come about? On the twenty-fifth anniversary of the formation of the band, Santi Balmes narrates in this conversation with David Escamilla the keys and personal experiences that have led him to become one of the best national composers. In addition, Santi Balmes also tells the origin of some of the most outstanding songs he has written, anecdotes related to the composition, recording of songs and concerts, and explains why his partner Julián Saldarriaga, guitarist of Love of Lesbian, defined him as ""that piece that doesn't fit"".",2024-01-30,http://books.google.com/books/content?id=nlso0AEACAAJ&printsec=frontcover&img=1&zoom=1&source=gbs_api,['Biography & Autobiography']
EL BESO DE LAS NOCTURNAS,Kate J. Armstrong,28900,https://feriachilenadellibro.cl/producto/9788419252432-el-beso-de-las-nocturnas/,9788419252432,"The Nightbirds are Simta's best-kept secret: Girls with a unique and powerful magic they can gift with just a kiss. Some would kill to possess them; the church would kill them outright. But protected by the Great Houses, the Nightbirds are well-guarded treasures. As this Season's Nightbirds, Matilde, Æsa, and Sayer will spend their nights bestowing their gifts to well-paying clients. Once their season is through, they're each expected to marry a Great House lord and become mothers to the next generation of Nightbirds before their powers fade away. But as they find themselves at the heart of a political scheme that threatens not only their secrets, but their very lives, their future suddenly becomes uncertain. When they discover that there are other girls like them and that their magic is far more than they were told, they see the Nightbird system for what it is: a gilded cage. Now they must make a choice--to remain kept birds or take control, remaking the city that dared to clip their wings.",2024-01-02,http://books.google.com/books/content?id=PbQm0AEACAAJ&printsec=frontcover&img=1&zoom=1&source=gbs_api,['Young Adult Fiction']
EL AMOR DERRIBA MUROS (LAS REFORMAS DEL AMOR 2),Tessa Bailey,22900,https://feriachilenadellibro.cl/producto/9788419131249-el-amor-derriba-muros-las-reformas-del-amor-2/,9788419131249,"Rosie and Dominic Vega are the perfect couple: high school sweethearts, best friends, madly in love. Well, they used to be anyway. Now Rosie's lucky to get a caveman grunt from the ex-soldier every time she walks in the door. Dom is faithful and a great provider, but the man she fell in love with ten years ago is nowhere to be found. When her girlfriends encourage Rosie to demand more out of life and pursue her dream of opening a restaurant, she decides to demand more out of love, too. Three words: marriage boot camp. Never in a million years did Rosie believe her stoic, too-manly-to-emote husband would actually agree to relationship rehab with a weed-smoking hippie. Dom talking about feelings? Sitting on pillows? Communing with nature? Learning love languages? Nope. But to her surprise, he's all in, and it forces her to admit her own role in their cracked foundation. As they complete one ridiculous assignment after another, their remodeled relationship gets stronger than ever. Except just as they're getting back on track, Rosie discovers Dom has a secret... and it could demolish everything.",2023-11-14,http://books.google.com/books/content?id=3vML0AEACAAJ&printsec=frontcover&img=1&zoom=1&source=gbs_api,['Fiction']
DE LA TROMPITA O DE LA COLITA?,Toño Freire,15700,https://feriachilenadellibro.cl/producto/9789564165936-de-la-trompita-o-de-la-colita/,9789564165936,,,,
BROKEN KNIGHT,L. J. Shen,24900,https://feriachilenadellibro.cl/producto/9788417972691-broken-knight/,9788417972691,"Not all love stories are written the same way. Ours had torn chapters, missing paragraphs, and a bittersweet ending. Luna Rexroth is everyone's favorite wallflower. Sweet. Caring. Charitable. Quiet. Fake. Underneath the meek, tomboy exterior everyone loves (yet pities) is a girl who knows exactly what, and who, she wants - namely, the boy from the tree house who taught her how to curse in sign language. Who taught her how to laugh. To live. To love. Knight Cole is everyone's favorite football hero. Gorgeous. Athletic. Rugged. Popular. Liar. This daredevil hell-raiser could knock you up with his gaze alone, but he only has eyes for the girl across the street: Luna. But Luna is not who she used to be. She doesn't need his protection anymore. When life throws a curveball at All Saints' golden boy, he's forced to realize not all knights are heroes. Sometimes, the greatest love stories flourish in tragedy.",2023-01-24,http://books.google.com/books/content?id=0ddfzwEACAAJ&printsec=frontcover&img=1&zoom=1&source=gbs_api,['Fiction']
UNA VELADA EN LA LIBRERIA MORISAKI,Satoshi Yagisawa,18900,https://feriachilenadellibro.cl/producto/9788492919437-una-velada-en-la-libreria-morisaki/,9788492919437,"Tokyo. In the world's largest bookstore district, the days pass peacefully. In the alleys away from traffic, people stroll through hundreds of books, comics, movie scripts, brochures and even old maps: there is a variety to the delight of all types of readers. The Morisaki bookstore, a small family business, barely seats five people. Piles of books fill the shelves until they invade every corner of the floor and, when the bell above the door announces the arrival of a customer, its owner, Uncle Satoru, immediately peeks out from behind the counter. Recently, his wife Momoko has been helping him, but his niece Takako also often accompanies him in her spare time. For Satoru and Momoko's wedding anniversary, the young woman gives them a romantic trip. Satoru is worried about the bookstore, but agrees to let Takako replace him for a few days and move into the upstairs room, as he has done in the past. For the first time in a long time, she feels excited. Because a bookstore, she discovers, is populated with stories; not only those that hide the books, but also those of those who frequent it. And those stories create bonds. But then why is Satoru behaving so strangely? And what does the woman with the red umbrella at the end of the street want? How many more stories, emotions and treasures does the Morisaki bookstore guard within its walls?",2024-02-13,http://books.google.com/books/content?id=mbI60AEACAAJ&printsec=frontcover&img=1&zoom=1&source=gbs_api,['Fiction']
SKINCARE PARA UNA PIEL RADIANTE,Daniela Lopez,27900,https://feriachilenadellibro.cl/producto/9788418714290-skincare-para-una-piel-radiante/,9788418714290,"This book, in addition to explaining fundamental skincare topics such as what double cleansing is, whether it is necessary to use sunscreen all year round or what type of skin we have, helps us learn to buy the products we really need to be able to show off healthy skin. Pretty without spending a fortune. Known on networks as @soydadatina, Daniela López is a specialist in answering all the questions that arise when we want to start or modify our skin care routine. Here you will find tips, questionnaires, myths and truths, frequently asked questions and recommendations so that you can know your skin in depth and thus give it the care it deserves.",2024-02-13,http://books.google.com/books/content?id=u6M60AEACAAJ&printsec=frontcover&img=1&zoom=1&source=gbs_api,['Health & Fitness']
SILENCIO : EL PODER DE LA QUIETUD EN UN MUNDO RUIDOSO,Thich Nhat Hanh,16900,https://feriachilenadellibro.cl/producto/9788418714436-silencio-el-poder-de-la-quietud-en-un-mundo-ruidoso/,9788418714436,,,,
"QUIERO MORIR, PERO TAMBIEN COMER TTEOKBOKKI",Baek Sehee,18900,https://feriachilenadellibro.cl/producto/9788492917211-quiero-morir-pero-tambien-comer-tteokbokki/,9788492917211,"Baek Sehee is a successful young social media director at a publishing house when she begins seeing a psychiatrist about her - what to call it? - depression? She feels persistently low, anxious, endlessly self-doubting, but also highly judgmental of others. She hides her feelings well at work and with friends, performing the calmness her lifestyle demands. The effort is exhausting, overwhelming, and keeps her from forming deep relationships. This can't be normal. But if she's so hopeless, why can she always summon a desire for her favorite street food: the hot, spicy rice cake, tteokbokki? Is this just what life is like? Recording her dialogues with her psychiatrist over a twelve-week period, and expanding on each session with her own reflective micro-essays, Baek begins to disentangle the feedback loops, knee-jerk reactions, and harmful behaviors that keep her locked in a cycle of self-abuse. Part memoir, part self-help book, I Want to Die but I Want to Eat Tteokbokki is a book to keep close and to reach for in times of darkness. It will appeal to anyone who has ever felt alone or unjustified in their everyday despair.",2024-02-13,http://books.google.com/books/content?id=EUk70AEACAAJ&printsec=frontcover&img=1&zoom=1&source=gbs_api,
PLACERES MORTALES,Belen Martinez,25900,https://feriachilenadellibro.cl/producto/9789566196730-placeres-mortales/,9789566196730,,,,
ORGANIZATE CON EFICACIA (ED.REVISADA),David Allen,24900,https://feriachilenadellibro.cl/producto/9788416997862-organizate-con-eficacia-ed-revisada/,9788416997862,"Getting Things Done offers a complete system for downloading all those free-floating gotta-do's clogging your brain into a sophisticated framework of files and action lists--all to free your mind to focus on whatever you're working on. If we could just get really, really organized, we could turn ourselves into 24/7 productivity machines.",2024-04-23,http://books.google.com/books/content?id=Rrhe0AEACAAJ&printsec=frontcover&img=1&zoom=1&source=gbs_api,['Business & Economics']
MAÑANA A ESTA HORA,Emma Straub,25900,https://feriachilenadellibro.cl/producto/9788419030429-manana-a-esta-hora/,9788419030429,"On the eve of her fortieth birthday, Alice's life isn't terrible. She likes her job, even if it isn't exactly the one she expected. She's happy with her apartment, her romantic status, her independence, and she adores her lifelong best friend. But her father is ailing, and it feels to her as if something is missing. When she wakes up the next morning, she finds herself back in 1996, reliving her sixteenth birthday. But it isn't just her adolescent body that shocks her, or seeing her high school crush--it's her dad, the vital, charming, forty-something version of her father with whom she is reunited. Now armed with a new perspective on her own life and his, some past events take on new meaning. Is there anything that she would change if she could?",2024-02-13,http://books.google.com/books/content?id=d2g70AEACAAJ&printsec=frontcover&img=1&zoom=1&source=gbs_api,['Fiction']
LOS FRAGILES HILOS DEL PODER,V. E. Schwab,31900,https://feriachilenadellibro.cl/producto/9788419030665-los-fragiles-hilos-del-poder/,9788419030665,"There was a time when there were four worlds, each pulsating with magical power and connected by a single city: London. After a desperate attempt to prevent the corruption and ruin of the four Londons, only three remained standing: Gray London, prosperous but barely able to remember its magical heritage; Red London, rich and powerful, ruled in recent times by the Maresh family; and White London, abandoned to brutality and decadence. Now the worlds are going to collide again, drawn to the edge of a dangerous precipice by the discoveries of three extraordinary magicians. First there is Kosika, the girl queen of White London, who has fed her city on blood and dreams, and whose growing devotion to both is leading her down a dangerous path. Then there's Delilah Bard, a thief who was born in Gray London and crossed the worlds to become a legend far away. She's a famous magician, a cunning heroine, and a reckless scoundrel all at once. After disappearing in search of a new adventure, she is forced to return to a dangerous port to join some old friends who need her help more than they imagine. And finally there is Tes, a young runaway with a powerful and unusual ability, who hides in Red London while she tries to stay out of the spotlight. Tes is the only one who can prevent the worlds from falling apart, if she manages to survive first.",2024-02-13,http://books.google.com/books/content?id=chU70AEACAAJ&printsec=frontcover&img=1&zoom=1&source=gbs_api,['Fiction']
LOS CIEN AMORES DE JULIETA,Evelyn Skye,24900,https://feriachilenadellibro.cl/producto/9788419030634-los-cien-amores-de-julieta/,9788419030634,"It's a frosty fairytale of an evening in small-town Alaska when Helene and Sebastien meet for the first time. Except it isn't the first time. You already know that story, though it didn't happen quite as Shakespeare told it. To Helene, Sebastien is the flesh-and-blood hero of the love stories she's spent her life writing. But Sebastien knows better--Helene is his Juliet, and their story has always been the same. He is doomed to find brief happiness with her over and over, before she dies, and he is left to mourn. Albrecht and Brigitta. Matteo and Amélie. Jack and Rachel. Marius and Cosmina. By any name, no matter where and when in time, the two of them are drawn together, and it always ends in tragedy. This time, Helene is determined that things will be different. But can these star-cross'd lovers forge a new ending to the greatest love story of all time?",2024-01-02,http://books.google.com/books/content?id=jGYn0AEACAAJ&printsec=frontcover&img=1&zoom=1&source=gbs_api,['Fiction']
LAS DIURNAS,Andrea Tome,23900,https://feriachilenadellibro.cl/producto/9788419030726-las-diurnas/,9788419030726,,,,['Juvenile Nonfiction']
LA SOMBRA MAS ARDIENTE,Jennifer Armentrout,26900,https://feriachilenadellibro.cl/producto/9788419131379-la-sombra-mas-ardiente/,9788419131379,"When Evelyn Dasher crossed paths with Luc, she was thrown headfirst into the world of the Lux only to discover that she was already far more involved in their world than she ever suspected. Because the Luxen aren't the only ones with a hidden past. There's a gap in Evie's memory, lost months of her life and a lingering sense that something happened, something she can't remember and nobody is willing to tell her. She needs to find out the truth about who she is, and who she was. But every answer she finds only brings up more questions. Her search for the truth brings her ever closer to Luc, the Origin at the center of it all. He's powerful, arrogant, inhumanly beautiful, extremely dangerous... and possibly in love with her. But even as Evie falls for him, she can't help but wonder if his attraction is to her, or to the memory of a girl who no longer exists. And all the while, a new threat looms: reports of a flu-like, fatal virus that the government insists is being spread by Luxen. A horrifying illness that changes whoever it touches, spreading panic across a country already at its breaking point.",2024-01-02,http://books.google.com/books/content?id=K1cn0AEACAAJ&printsec=frontcover&img=1&zoom=1&source=gbs_api,['Fiction']
LA LUNA DEL CAZADOR,Costa Alcala,24900,https://feriachilenadellibro.cl/producto/9788419030719-la-luna-del-cazador/,9788419030719,,2023-10,,
LA HIJA DEL DOCTOR MOREAU,Silvia Moreno-Garcia,24900,https://feriachilenadellibro.cl/producto/9788492919307-la-hija-del-doctor-moreau/,9788492919307,"Carlota Moreau: A young woman growing up on a distant and luxuriant estate, safe from the conflict and strife of the Yucatán peninsula. The only daughter of a researcher who is either a genius or a madman... Montgomery Laughton: A melancholic overseer with a tragic past and a propensity for alcohol. An outcast who assists Dr. Moreau with his experiments, which are financed by the Lizaldes, owners of magnificent haciendas and plentiful coffers... The hybrids: The fruits of the doctor's labor, destined to blindly obey their creator and remain in the shadows. A motley group of part human, part animal monstrosities. All of them live in a perfectly balanced and static world, which is jolted by the abrupt arrival of Eduardo Lizalde, the charming and careless son of Dr. Moreau's patron, who will unwittingly begin a dangerous chain reaction. For Moreau keeps secrets, Carlota has questions, and, in the sweltering heat of the jungle, passions may ignite. The Daughter of Doctor Moreau is both a dazzling historical novel and a daring science fiction journey.",2024-01-02,http://books.google.com/books/content?id=x_Ym0AEACAAJ&printsec=frontcover&img=1&zoom=1&source=gbs_api,['Fiction']
EL REY,Jennifer Armentrout,19900,https://feriachilenadellibro.cl/producto/9788419131454-el-rey/,9788419131454,,,,
EL MAPA DE TU ALMA,Jennifer Freed,21900,https://feriachilenadellibro.cl/producto/9788416344857-el-mapa-de-tu-alma/,9788416344857,"There are four elements--fire, earth, air, and water--that exist in nature and within us all. Knowing your personal map of these four elements offers a way to personalize your self-care rituals and design your best life: one that fully expresses your special gifts. With a PhD in psychology in addition to her expertise as an astrologer, Dr. Jennifer Freed is here to show you to how to decode and tap into your gifts in this practical guide to life. She explains how your astrological birth chart can point you to the life you want and offers self-assessments to pinpoint your most effective strategies. A Map to Your Soul offers practical exercises for topics ranging from communication styles to creativity, home styles to psychic development, health habits to belief systems. Some of the advice is as simple as the color scheme that will make you feel most at peace in your bedroom. Other advice is as nuanced as how to better listen to your loved ones and how to fulfill your soul's purpose.",2024-02-13,http://books.google.com/books/content?id=F8M60AEACAAJ&printsec=frontcover&img=1&zoom=1&source=gbs_api,"['Body, Mind & Spirit']"
EL LIBRO DE LAS SOMBRAS,Jordi Ribolleda,26900,https://feriachilenadellibro.cl/producto/9788419030689-el-libro-de-las-sombras/,9788419030689,,,,
"CUERPO DE MUJER, SABIDURIA DE MUJER",Christiane Northrup,44900,https://feriachilenadellibro.cl/producto/9788417694319-cuerpo-de-mujer-sabiduria-de-mujer/,9788417694319,"This book offers complete and detailed information on everything related to women's health, and combines the latest advances in medicine with alternative therapies that involve both the body and the mind. From a holistic perspective that takes into account emotions, personal development and spiritual life, it exposes the patriarchalism of the medical profession and shows the dark side of some widespread beliefs. The sincerity of the collected testimonies and the author's courageous reflections on women's needs and intimate conflicts will lead many readers to see her experiences in a new light. They will discover that the ambivalence of feelings towards their children is natural, that the maternal instinct is a creative impulse that does not exhaust itself in the offspring, and that if they want to heal and remain healthy they must carry out radical changes in their lives and in their way of life. This is an indispensable reference work for all women willing to take charge of their own well-being.",2024-05-28,http://books.google.com/books/content?id=eySP0AEACAAJ&printsec=frontcover&img=1&zoom=1&source=gbs_api,['Health & Fitness']
AYUNAR PARA SANAR. UNA GUIA PARA MUJERES,Mindy Pelz,23900,https://feriachilenadellibro.cl/producto/9788418714375-ayunar-para-sanar-una-guia-para-mujeres/,9788418714375,"A go-to fasting manual created specifically to address women's needs based on their hormones and menstrual cycle by Dr. Mindy Pelz, a well-known expert on women and fasting, whose fast-growing YouTube channel has become the destination for women who want to learn about fasting. Are you among the many women who feel unheard and unseen by their doctors and health professionals? Have you become exhausted by the promise of quick-fix diets that only leave you disappointed? Well in Fast Like a Girl, Dr. Mindy helps you to take back control of your health by using the quickest path back to better health--fasting. While most fasting advice has been a one-size-fits-all approach that leaves women with more questions than answers, in this book Dr. Mindy shares the proven strategies, specific protocols to use if you are trying to overcome a condition, fasting hacks, and tools that she has used to help hundreds of thousands of women thrive with their fasting lifestyles.",2024-04-23,http://books.google.com/books/content?id=eSRh0AEACAAJ&printsec=frontcover&img=1&zoom=1&source=gbs_api,['Health & Fitness']
AURORA RISING,Jay Amie / Kristoff Kaufman,26900,https://feriachilenadellibro.cl/producto/9788419030702-aurora-rising/,9788419030702,"The year is 2380 and the cadets of the last year of the Aurora Academy are going to receive their first mission. Star student Tyler Jones is ready to recruit his dream squad, but his own ridiculous heroism causes him to settle for the spoils no other student at the academy would want to accept: a smug diplomat with a black belt in sarcasm; a sociopathic scientist with a fondness for shooting her roommates; the most belligerent tech genius in the entire galaxy; an alien warrior with anger management issues from him; a pilot who, in case you were wondering, has no feelings for Tyler, nothing at all. Plus, Tyler's squad isn't even his biggest problem: that would be Aurora Jie-Lin O'Malley, the girl he just rescued from interdimensional space. Trapped in cryogenic sleep for two centuries, Auri is a girl out of time and out of place. Yet she could be the catalyst for a war millions of years in the making, and Tyler's squad of losers, disciplinary cases, and misfits could be the galaxy's last hope. Don't let her panic.",2024-01-02,http://books.google.com/books/content?id=P18n0AEACAAJ&printsec=frontcover&img=1&zoom=1&source=gbs_api,['Fiction']
ASESINA DE DIOSES,Hannah Kaner,25900,https://feriachilenadellibro.cl/producto/9788419030672-asesina-de-dioses/,9788419030672,,,,
UNA TEORIA DE LA DEMOCRACIA COMPLEJA,Daniel Innerarity,24000,https://feriachilenadellibro.cl/producto/9788419075727-una-teoria-de-la-democracia-compleja/,9788419075727,"The main threat to democracy is not violence or corruption or inefficiency, but simplicity. From the point of view of the theory of democracy, this book offers an update of our political concepts, which were thought in a time of relative social and political simplicity. This theoretical deficit corresponds to a political practice that simplifies and impoverishes our democracies. This book is aimed at those who do not believe in simple answers, but do not want to despair in the face of the complexity of the problems. It formulates a theory of democracy and government for the 21st century based on the assumption that the most promising renewal of our democracies will be the result of making them more complex.",2022-11-22,http://books.google.com/books/content?id=PMlGzwEACAAJ&printsec=frontcover&img=1&zoom=1&source=gbs_api,['Political Science']
UN DIA MARAVILLOSO : POP UP MINNIE,Vv. Aa.,10000,https://feriachilenadellibro.cl/producto/9789877977103-un-dia-maravilloso-pop-up-minnie/,9789877977103,,,,
TODOS LOS CUENTOS : GABRIEL GARCIA MARQUEZ,Gabriel Garcia Marquez,14000,https://feriachilenadellibro.cl/producto/9789875669840-todos-los-cuentos-gabriel-garcia-marquez/,9789875669840,,,,
TIERRA MAGICA DE UNICORNIOS Y HADAS ROMPECABEZAS,Vv. Aa.,21400,https://feriachilenadellibro.cl/producto/9789962184409-tierra-magica-de-unicornios-y-hadas-rompecabezas/,9789962184409,,,,
TENGO MIEDO,Brian Moses,6900,https://feriachilenadellibro.cl/producto/9789502406398-tengo-miedo/,9789502406398,"Simple text and colorful illustrations describe fear, how it feels and what can cause it.",1998-04,,['Juvenile Fiction']
RULETA DE EMOCIONES,Vv. Aa.,27000,https://feriachilenadellibro.cl/producto/9789564164489-ruleta-de-emociones/,9789564164489,,,,
PINTANDO ANIMALES Y PLANTAS DEL MUNDO ANDINO,Sofía Ugarte Choy,8000,https://feriachilenadellibro.cl/producto/9789564049342-pintando-animales-y-plantas-del-mundo-andino/,9789564049342,,,,
NO EMPUJES EL RIO,Barry Stevens,7900,https://feriachilenadellibro.cl/producto/9788489333185-no-empujes-el-rio/,9788489333185,"Los primeros humanistas fueron los indígenas, con sus particulares modos de relacionarse en forma armónica con su entorno natural y también con sus emociones y creencias, respetuosas del ser humano y sus procesos. No es casual que la autora, terapeuta innata, autodidacta y perteneciente a la estirpe de las mujeres que dejan huella, se sintiera tan a gusto viviendo entre los navajos, los hopis y otras tribus estadounidenses, entre los cuales llega a importantes introvisiones, que logra transmitir en este libro, sobre el río de la vida, siguiendo su curso natural y confiando en sus aguas.",1994,http://books.google.com/books/content?id=Ti9SAwAAQBAJ&printsec=frontcover&img=1&zoom=1&edge=curl&source=gbs_api,['Psychology']
MI ULTIMO SUSPIRO,Luis Buñuel,12000,https://feriachilenadellibro.cl/producto/9789563256192-mi-ultimo-suspiro/,9789563256192,,,,
LOS SECRETOS DE LA SALUD,Alexis (Dr) Lama,18600,https://feriachilenadellibro.cl/producto/9789568865375-los-secretos-de-la-salud/,9789568865375,,,,
LOS DONES DE LA FAMILIA MADRIGAL : POP UP,Vv. Aa.,10000,https://feriachilenadellibro.cl/producto/9789877978018-los-dones-de-la-familia-madrigal-pop-up/,9789877978018,,,,
LA BALLENA Y OTROS MITOS Y LEYENDAS,Liliana Cinetto,7800,https://feriachilenadellibro.cl/producto/9789502414843-la-ballena-y-otros-mitos-y-leyendas/,9789502414843,,,,
"LA BABILONIA , 1580",Susana Martin Gijon,15000,https://feriachilenadellibro.cl/producto/9788420470443-la-babilonia-1580/,9788420470443,,2023-08-29,http://books.google.com/books/content?id=5m0V0AEACAAJ&printsec=frontcover&img=1&zoom=1&source=gbs_api,
LA ANTORCHA AL OIDO,Elias Canetti,12000,https://feriachilenadellibro.cl/producto/9789563256154-la-antorcha-al-oido/,9789563256154,,,,
ISADORA MOON : UN COFRE MAGICO CON 3 HISTORIAS DE ISADORA MOON. INCLUYEN PEGATINAS!,Harriet Muncaster,29000,https://feriachilenadellibro.cl/producto/9788419366122-isadora-moon-un-cofre-magico-con-3-historias-de-isadora-moon-incluyen-pegatinas/,9788419366122,,,,
INCREMENTA TU IQ FINANCIERO,Robert T. Kiyosaki,12000,https://feriachilenadellibro.cl/producto/9789563256314-incrementa-tu-iq-financiero/,9789563256314,,,,
HOY SOY VALIENTE,Nadiya Hussain,15990,https://feriachilenadellibro.cl/producto/9789561237438-hoy-soy-valiente/,9789561237438,,,,
GRANJA – BUSCA Y ENCUENTRA,Vv. Aa.,13070,https://feriachilenadellibro.cl/producto/9789962185444-granja-busca-y-encuentra/,9789962185444,,,,
GATURRO DE ORO 3,Nick,14000,https://feriachilenadellibro.cl/producto/9789500769785-gaturro-de-oro-3/,9789500769785,,,,
GALILEO Y EL CATAESTRELLAS,Pinto / Bolzicco,7400,https://feriachilenadellibro.cl/producto/9789502415475-galileo-y-el-cataestrellas/,9789502415475,,,,
EROS : POEMAS DE AMOR Y OTROS LUGARES COMUNES,Teresa Calderon,12000,https://feriachilenadellibro.cl/producto/9789567513086-eros-poemas-de-amor-y-otros-lugares-comunes/,9789567513086,,,,
EL LIDER RESONANTE CREA MAS,Daniel Goleman,12000,https://feriachilenadellibro.cl/producto/9789563256161-el-lider-resonante-crea-mas/,9789563256161,,,,
DRAGONES PARA RASPAR Y COLOREAR EFECTOS DE COLORES,Vv. Aa.,9500,https://feriachilenadellibro.cl/producto/9788467798975-dragones-para-raspar-y-colorear-efectos-de-colores/,9788467798975,,,,
DESGRACIA,J.M. Coetzee,12000,https://feriachilenadellibro.cl/producto/9789563256253-desgracia/,9789563256253,,,,
CURSO DE LITERATURA RUSA,Vladimir Nabokov,12000,https://feriachilenadellibro.cl/producto/9789563256178-curso-de-literatura-rusa/,9789563256178,,,,
CURSO DE LITERATURA EUROPEA,Vladimir Nabokov,12000,https://feriachilenadellibro.cl/producto/9789563256185-curso-de-literatura-europea/,9789563256185,,,,
COMO EN CASA : LA COCINA DE KIKA MARCHANT,Kika Marchant,34000,https://feriachilenadellibro.cl/producto/9789564109053-como-en-casa-la-cocina-de-kika-marchant/,9789564109053,,,,
BUSCA Y ENCUENTRA FANTASIA,Vv. Aa.,13070,https://feriachilenadellibro.cl/producto/9789962185437-busca-y-encuentra-fantasia/,9789962185437,,,,
ATLAS DEL MUNDO CON BANDERAS,Vv. Aa.,22590,https://feriachilenadellibro.cl/producto/9788467797732-atlas-del-mundo-con-banderas/,9788467797732,,,,
20 EXTRAORDINARIAS MARAVILLAS DEL MUNDO,Vv. Aa.,16640,https://feriachilenadellibro.cl/producto/9789962183501-20-extraordinarias-maravillas-del-mundo/,9789962183501,,,,
CUENTOS COMPLETOS : FLANNERY O CONNOR,Flannery O’Connor,25000,https://feriachilenadellibro.cl/producto/9788426426239-cuentos-completos-flannery-o-connor/,9788426426239,,,,['Juvenile Nonfiction']
"RED FLAGS, GREEN FLAGS",Ali Fenwick,19900,https://feriachilenadellibro.cl/producto/9789569973611-red-flags-green-flags/,9789569973611,,,,
QUEDATELO TODO,Fernanda Namur,17900,https://feriachilenadellibro.cl/producto/9789564085456-quedatelo-todo/,9789564085456,,,,
LIBER TAO,Carolina Menendez,19900,https://feriachilenadellibro.cl/producto/9789564085616-liber-tao/,9789564085616,,,,
JULIETTE Y LAS CANCIONES PERDIDAS,Andrea Longarela,20900,https://feriachilenadellibro.cl/producto/9789566145783-juliette-y-las-canciones-perdidas/,9789566145783,,,,
HIDEAWAY,Penelope Douglas,24900,https://feriachilenadellibro.cl/producto/9789566145776-hideaway/,9789566145776,,,,
EL GUARDIAN DE ESPADAS,Cassandra Clare,27900,https://feriachilenadellibro.cl/producto/9789566145769-el-guardian-de-espadas/,9789566145769,,,,
VIAJE AL CENTRO DE LA TIERRA,Julio Verne,13070,https://feriachilenadellibro.cl/producto/9789962183976-viaje-al-centro-de-la-tierra/,9789962183976,,,,
VERANO,J.M. Coetzee,12000,https://feriachilenadellibro.cl/producto/9789563256215-verano/,9789563256215,,,,
VENTILACION MECANICA EN PEDIATRIA,Vv. Aa.,42300,https://feriachilenadellibro.cl/producto/9789562204477-ventilacion-mecanica-en-pediatria/,9789562204477,,,,
VEINTE MIL LEGUAS DE VIAJE SUBMARINO,Julio Verne,13070,https://feriachilenadellibro.cl/producto/9789962183938-veinte-mil-leguas-de-viaje-submarino/,9789962183938,,,,
UNA HISTORIA DE LAS GRANDES RECESIONES Y CRISIS EN EL CAPITALISMO  (1914 – 2019),Andres Solimano,18000,https://feriachilenadellibro.cl/producto/9789560017499-una-historia-de-las-grandes-recesiones-y-crisis-en-el-capitalismo-1914-2019/,9789560017499,,,,
SOQUIMICH : EL NEGOCIO DEL LITIO Y EL FINANCIAMIENTO IRREGULAR DE LA POLITICA (1968-2015),Alejandro Carrasco Luna,12000,https://feriachilenadellibro.cl/producto/9789560017475-soquimich-el-negocio-del-litio-y-el-financiamiento-irregular-de-la-politica-1968-2015/,9789560017475,,2023,,
SEPTIEMBRE EN CHILE 1971-1973,David Raymond / Burnett Depardon,40000,https://feriachilenadellibro.cl/producto/9789560017376-septiembre-en-chile-1971-1973/,9789560017376,,2023,,['Chile']
SEGUNDA FUNDACION,Isaac Asimov,12000,https://feriachilenadellibro.cl/producto/9789563256321-segunda-fundacion/,9789563256321,,,,
ROMANCERO GITANO / LLANTO POR IGNACIO,Federico Garcia Lorca,8900,https://feriachilenadellibro.cl/producto/9788476400784-romancero-gitano-llanto-por-ignacio/,9788476400784,"El Romancero Gitano de Federico García Lorca es, sin duda alguna, el libro de poemas más popular del siglo XX en castellano. Lorca maneja el idioma con habilidad sorprendente, con una ""facilidad difícil"" para literaturizar la realidad, conviertiéndola en narrativa poética: la muerte de Antonio Camborio a manos de sus cuatro primos, la persecución de las tribus gitanas por la Guardia Civil, los pechos de dura plata de Soledad Montoya, el erotismo presente de La casada infiel, son algunos de los motivos y los temas que perviven en la memoria popular.",1986,http://books.google.com/books/content?id=yxRgVWNR30oC&printsec=frontcover&img=1&zoom=1&edge=curl&source=gbs_api,['Juvenile Nonfiction']
POR QUE A MI,Robin Norwood,12000,https://feriachilenadellibro.cl/producto/9789566205708-por-que-a-mi/,9789566205708,,,,
PASION POR LO IMPOSIBLE,Osho,12000,https://feriachilenadellibro.cl/producto/9789563256260-pasion-por-lo-imposible/,9789563256260,,,,
NO TE CRUCES EN TU CAMINO,Osho,11000,https://feriachilenadellibro.cl/producto/9789563256277-no-te-cruces-en-tu-camino/,9789563256277,,,,
NEGOCIATE Y GANA,Vesta Lugg,16000,https://feriachilenadellibro.cl/producto/9789566184799-negociate-y-gana/,9789566184799,,,,
"MIL DIAS Y UNA LARGA NOCHE : PARA NO OLVIDAR, 50 AÑOS DESPUES",Cristian (Editores) Marcia / Candia Ximena / Scantlebury Erazo,17000,https://feriachilenadellibro.cl/producto/9789560017482-mil-dias-y-una-larga-noche-para-no-olvidar-50-anos-despues/,9789560017482,,2023,,
ME ENCANTAN LOS DULCES :  COLOREANDO CON NUMEROS,Vv. Aa.,9500,https://feriachilenadellibro.cl/producto/9789962185420-me-encantan-los-dulces-coloreando-con-numeros/,9789962185420,,,,
MASCOTAS PARA RASPAR Y COLOREAR EFECTOS DE COLORES,Vv. Aa.,9500,https://feriachilenadellibro.cl/producto/9788467799699-mascotas-para-raspar-y-colorear-efectos-de-colores/,9788467799699,,,,
MANUAL DE REPARACION Y TRATAMIENTO DE FRACTURAS EN PEQUEÑOS ANIMALES,Vv. Aa.,23800,https://feriachilenadellibro.cl/producto/9788487736339-manual-de-reparacion-y-tratamiento-de-fracturas-en-pequenos-animales/,9788487736339,Translation of Coughlan: BSAVA: Manual of Small Animal Fracture Repair and Management (Iowa State University Press),1999,,['Medical']
MANUAL DE DIAGNOSTICO POR IMAGEN DEL TORAX EN PEQUEÑOS ANIMALES,Vv. Aa.,23800,https://feriachilenadellibro.cl/producto/9788487736766-manual-de-diagnostico-por-imagen-del-torax-en-pequenos-animales/,9788487736766,,,,
MANUAL DE ANESTESIA Y ANALGESIA EN PEQUEÑOS ANIMALES DOMESTICOS,Vv. Aa.,35680,https://feriachilenadellibro.cl/producto/9788487736896-manual-de-anestesia-y-analgesia-en-pequenos-animales-domesticos/,9788487736896,,2017,,
MADAME BOVARY,Gustave Flaubert,14900,https://feriachilenadellibro.cl/producto/9788471666970-madame-bovary/,9788471666970,,,,
LUZ DE AGOSTO,William Faulkner,12000,https://feriachilenadellibro.cl/producto/9789563256208-luz-de-agosto/,9789563256208,,,,
LOS VENENOS DE LA CORONA,Maurice Druon,12000,https://feriachilenadellibro.cl/producto/9789566205807-los-venenos-de-la-corona/,9789566205807,,,,
LOS PROPIOS DIOSES,Isaac Asimov,12000,https://feriachilenadellibro.cl/producto/9789563256338-los-propios-dioses/,9789563256338,,,,
LOS DOCE TRABAJOS DE HERCULES,Vv. Aa.,13070,https://feriachilenadellibro.cl/producto/9789962184935-los-doce-trabajos-de-hercules/,9789962184935,,,,
